,County,Precinct,Registered Voters
0,APPLING,1B,1337
1,APPLING,1C,864
2,APPLING,2,2321
3,APPLING,3A1,821
4,APPLING,3C,1614
5,APPLING,4B,894
6,APPLING,4D,1532
7,APPLING,5A,1177
8,APPLING,5B,1179
9,ATKINSON,0001,1824
10,ATKINSON,0002,739
11,ATKINSON,0003,1331
12,ATKINSON,0004,933
13,BACON,99999,5
14,BACON,DOUGL,6858
15,BAKER,A,167
16,BAKER,E,400
17,BAKER,H,366
18,BAKER,M,272
19,BAKER,N,1047
20,BALDWIN,1714,1138
21,BALDWIN,318,3570
22,BALDWIN,319,1903
23,BALDWIN,321E,1328
24,BALDWIN,321W,2972
25,BALDWIN,322,1562
26,BALDWIN,CTY1,1277
27,BALDWIN,CTY2,969
28,BALDWIN,CTY3,1411
29,BALDWIN,CTY4,500
30,BALDWIN,CTY5,1485
31,BALDWIN,CTY6,2243
32,BALDWIN,MERI,2944
33,BALDWIN,MONT,3913
34,BANKS,0001,1581
35,BANKS,0002,893
36,BANKS,0003,437
37,BANKS,0004,852
38,BANKS,0005,362
39,BANKS,0006,2020
40,BANKS,0007,1036
41,BANKS,0008,636
42,BANKS,0009,688
43,BANKS,0010,1605
44,BANKS,0011,1827
45,BANKS,0012,733
46,BANKS,0013,648
47,BANKS,88888,1
48,BARROW,01,3481
49,BARROW,02,6988
50,BARROW,03,6541
51,BARROW,04,4081
52,BARROW,05,8675
53,BARROW,08,7226
54,BARROW,13,9739
55,BARROW,16,10661
56,BARROW,88888,1
57,BARTOW,01,7263
58,BARTOW,02,4872
59,BARTOW,03,7055
60,BARTOW,04,8271
61,BARTOW,05,4640
62,BARTOW,06,4130
63,BARTOW,07,3153
64,BARTOW,08,5533
65,BARTOW,09,1491
66,BARTOW,10,2767
67,BARTOW,11,4121
68,BARTOW,12,2186
69,BARTOW,14,2917
70,BARTOW,15,2800
71,BARTOW,16,6653
72,BARTOW,17,6787
73,BARTOW,18,1944
74,BARTOW,88888,3
75,BARTOW,99999,12
76,BEN HILL,1,4073
77,BEN HILL,2,6142
78,BEN HILL,88888,3
79,BEN HILL,99999,3
80,BERRIEN,11062,1022
81,BERRIEN,1144,2040
82,BERRIEN,1157,6314
83,BERRIEN,1642,1152
84,BERRIEN,518,1166
85,BERRIEN,88888,2
86,BERRIEN,99999,1
87,BIBB,88888,5
88,BIBB,99999,1
89,BIBB,EM1,2112
90,BIBB,EM2,3987
91,BIBB,EM3,3577
92,BIBB,EM4,2284
93,BIBB,EM5,2594
94,BIBB,GF1,6344
95,BIBB,GF2,2150
96,BIBB,GF3,3319
97,BIBB,GF4,2255
98,BIBB,GF5,4834
99,BIBB,HA1,3397
100,BIBB,HA2,4245
101,BIBB,HA3,7209
102,BIBB,HA4,4808
103,BIBB,HO1,3461
104,BIBB,HO2,3448
105,BIBB,HO3,6556
106,BIBB,HO4,1739
107,BIBB,HO5,2293
108,BIBB,HO6,2231
109,BIBB,HO7,2923
110,BIBB,RU1,5789
111,BIBB,RU2,3471
112,BIBB,VV1,3651
113,BIBB,VV2,2104
114,BIBB,VV3,3167
115,BIBB,VV4,4158
116,BIBB,VV5,2378
117,BIBB,VV6,3041
118,BIBB,WA1,2658
119,BIBB,WA2,3285
120,BLECKLEY,1,10997
121,BRANTLEY,2,4113
122,BRANTLEY,3,4196
123,BRANTLEY,88888,9
124,BROOKS,1199,4194
125,BROOKS,1230,358
126,BROOKS,1402,1063
127,BROOKS,1650,2381
128,BROOKS,1712,627
129,BROOKS,659,752
130,BROOKS,660,1995
131,BROOKS,88888,4
132,BRYAN,1,2708
133,BRYAN,10,2344
134,BRYAN,2,2408
135,BRYAN,3,3063
136,BRYAN,4,2036
137,BRYAN,5,3397
138,BRYAN,6,2985
139,BRYAN,7,4464
140,BRYAN,8,5839
141,BRYAN,9,2699
142,BULLOCH,1,744
143,BULLOCH,10,3533
144,BULLOCH,11,6523
145,BULLOCH,12,1790
146,BULLOCH,13,6518
147,BULLOCH,14,5989
148,BULLOCH,15,5501
149,BULLOCH,16,1057
150,BULLOCH,2,1981
151,BULLOCH,3,2524
152,BULLOCH,4,3458
153,BULLOCH,5,2236
154,BULLOCH,6,1687
155,BULLOCH,7,1343
156,BULLOCH,8,504
157,BULLOCH,88888,3
158,BULLOCH,9,987
159,BURKE,0001,393
160,BURKE,0002,2621
161,BURKE,0003,751
162,BURKE,0004,445
163,BURKE,0005,1064
164,BURKE,0006,485
165,BURKE,0007,496
166,BURKE,0008,299
167,BURKE,0009,1061
168,BURKE,0010,296
169,BURKE,0011,1144
170,BURKE,0012,450
171,BURKE,0013,308
172,BURKE,0014,2983
173,BURKE,0015,3329
174,BURKE,0016,699
175,BURKE,88888,25
176,BUTTS,99999,2
177,BUTTS,BCAB,17648
178,CALHOUN,1,730
179,CALHOUN,2,663
180,CALHOUN,3,535
181,CALHOUN,4,601
182,CALHOUN,5,679
183,CALHOUN,88888,2
184,CAMDEN,01,1001
185,CAMDEN,02,1605
186,CAMDEN,03,2044
187,CAMDEN,04,732
188,CAMDEN,05,1936
189,CAMDEN,06,2901
190,CAMDEN,07,2698
191,CAMDEN,08,2395
192,CAMDEN,09,7262
193,CAMDEN,10,2235
194,CAMDEN,11,3392
195,CAMDEN,12,2275
196,CAMDEN,13,2962
197,CAMDEN,14,3262
198,CAMDEN,88888,3
199,CANDLER,CAND,6529
200,CARROLL,1006,1205
201,CARROLL,1111,3351
202,CARROLL,1122,4530
203,CARROLL,1152,1835
204,CARROLL,1240,2753
205,CARROLL,1371,1584
206,CARROLL,1483,3769
207,CARROLL,1496,1586
208,CARROLL,1533,1947
209,CARROLL,1540,3988
210,CARROLL,1542,2481
211,CARROLL,501,4884
212,CARROLL,640,3032
213,CARROLL,641,5609
214,CARROLL,642,7448
215,CARROLL,649,4472
216,CARROLL,650,3902
217,CARROLL,682,2241
218,CARROLL,713,3311
219,CARROLL,714A1,4500
220,CARROLL,714A2,1711
221,CARROLL,714A3,3819
222,CARROLL,714A4,2153
223,CARROLL,714A5,2672
224,CARROLL,714A6,1658
225,CARROLL,714BN,1481
226,CARROLL,714BW,2349
227,CARROLL,715,1694
228,CARROLL,88888,1
229,CARROLL,99999,1
230,CATOOSA,88888,2
231,CATOOSA,99999,2
232,CATOOSA,BLCK,2057
233,CATOOSA,BOYN,6183
234,CATOOSA,CAKT,2706
235,CATOOSA,CHAM,2620
236,CATOOSA,FT O,4179
237,CATOOSA,GRAY,4664
238,CATOOSA,LAKE,3687
239,CATOOSA,POPS,4313
240,CATOOSA,RING,7665
241,CATOOSA,WEST,6132
242,CATOOSA,WOOD,3043
243,CHARLTON,2,2460
244,CHARLTON,3B,524
245,CHARLTON,3S,684
246,CHARLTON,4A,771
247,CHARLTON,4H,901
248,CHARLTON,5F,783
249,CHARLTON,5R,274
250,CHARLTON,5W,320
251,CHATHAM,1-01C,3266
252,CHATHAM,1-05C,2199
253,CHATHAM,1-06C,2068
254,CHATHAM,1-08C,1716
255,CHATHAM,1-09C,776
256,CHATHAM,1-10C,1115
257,CHATHAM,1-12C,1949
258,CHATHAM,1-13C,1460
259,CHATHAM,1-14C,1749
260,CHATHAM,1-16C,2958
261,CHATHAM,1-17C,3210
262,CHATHAM,2-02C,1820
263,CHATHAM,2-03C,1654
264,CHATHAM,2-04C,3293
265,CHATHAM,2-05C,2165
266,CHATHAM,2-06C,809
267,CHATHAM,2-07C,2875
268,CHATHAM,2-09C,3430
269,CHATHAM,2-11C,1948
270,CHATHAM,2-12C,1773
271,CHATHAM,3-01C,479
272,CHATHAM,3-02C,1644
273,CHATHAM,3-03C,1253
274,CHATHAM,3-04C,1594
275,CHATHAM,3-05C,2178
276,CHATHAM,3-08C,1233
277,CHATHAM,3-09C,670
278,CHATHAM,3-10C,2715
279,CHATHAM,3-11C,1507
280,CHATHAM,3-12C,1745
281,CHATHAM,3-13C,2284
282,CHATHAM,3-14C,2409
283,CHATHAM,3-15C,850
284,CHATHAM,4-02C,2536
285,CHATHAM,4-04C,2532
286,CHATHAM,4-05C,2316
287,CHATHAM,4-06C,2297
288,CHATHAM,4-07C,3448
289,CHATHAM,4-08C,2722
290,CHATHAM,4-10C,1543
291,CHATHAM,4-11C,1717
292,CHATHAM,4-12C,2375
293,CHATHAM,4-13C,2544
294,CHATHAM,4-14C,1784
295,CHATHAM,4-15C,1904
296,CHATHAM,5-01C,1108
297,CHATHAM,5-02C,808
298,CHATHAM,5-03C,1143
299,CHATHAM,5-05C,2615
300,CHATHAM,5-06C,2763
301,CHATHAM,5-07C,1941
302,CHATHAM,5-08C,1910
303,CHATHAM,5-10C,3576
304,CHATHAM,5-11C,3134
305,CHATHAM,6-01C,2000
306,CHATHAM,6-02C,2324
307,CHATHAM,6-03C,2785
308,CHATHAM,6-05C,2073
309,CHATHAM,6-06C,1603
310,CHATHAM,6-08C,2241
311,CHATHAM,6-09C,3432
312,CHATHAM,6-10C,4292
313,CHATHAM,6-11C,5429
314,CHATHAM,7-01C,1593
315,CHATHAM,7-03C,1297
316,CHATHAM,7-04C,3189
317,CHATHAM,7-05C,1377
318,CHATHAM,7-06C,3695
319,CHATHAM,7-07C,4082
320,CHATHAM,7-08C,2899
321,CHATHAM,7-09C,2955
322,CHATHAM,7-10C,4419
323,CHATHAM,7-11C,6920
324,CHATHAM,7-12C,3524
325,CHATHAM,7-13C,2598
326,CHATHAM,7-14C,7898
327,CHATHAM,7-15C,2757
328,CHATHAM,7-16C,4026
329,CHATHAM,8-01C,953
330,CHATHAM,8-02C,1844
331,CHATHAM,8-03C,859
332,CHATHAM,8-05C,1619
333,CHATHAM,8-06C,1109
334,CHATHAM,8-07C,647
335,CHATHAM,8-08C,1762
336,CHATHAM,8-09C,1412
337,CHATHAM,8-10C,1820
338,CHATHAM,8-11C,1386
339,CHATHAM,8-12C,1428
340,CHATHAM,8-13C,1055
341,CHATHAM,8-15C,1657
342,CHATHAM,8-16C,3213
343,CHATHAM,99999,118
344,CHATTAHOOCHEE,1,4187
345,CHATTAHOOCHEE,88888,2
346,CHATTAHOOCHEE,99999,4
347,CHATTOOGA,1083,258
348,CHATTOOGA,1216,185
349,CHATTOOGA,1382,168
350,CHATTOOGA,1484,969
351,CHATTOOGA,870,3635
352,CHATTOOGA,925,5328
353,CHATTOOGA,927,609
354,CHATTOOGA,940,939
355,CHATTOOGA,961,142
356,CHATTOOGA,962,503
357,CHATTOOGA,968,896
358,CHATTOOGA,C-968,405
359,CHATTOOGA,P-870,608
360,CHEROKEE,001,3089
361,CHEROKEE,002,4968
362,CHEROKEE,003,3741
363,CHEROKEE,004,4159
364,CHEROKEE,005,4144
365,CHEROKEE,006,6031
366,CHEROKEE,007,3908
367,CHEROKEE,008,4574
368,CHEROKEE,009,5185
369,CHEROKEE,010,8559
370,CHEROKEE,011,4771
371,CHEROKEE,012,7587
372,CHEROKEE,013,5185
373,CHEROKEE,014,938
374,CHEROKEE,015,3071
375,CHEROKEE,016,5780
376,CHEROKEE,018,5935
377,CHEROKEE,019,7674
378,CHEROKEE,020,3584
379,CHEROKEE,021,3201
380,CHEROKEE,022,3380
381,CHEROKEE,023,5636
382,CHEROKEE,024,8584
383,CHEROKEE,026,7576
384,CHEROKEE,027,4995
385,CHEROKEE,028,3109
386,CHEROKEE,029,3796
387,CHEROKEE,030,3565
388,CHEROKEE,031,2579
389,CHEROKEE,032,3782
390,CHEROKEE,033,757
391,CHEROKEE,034,3185
392,CHEROKEE,035,2597
393,CHEROKEE,036,8185
394,CHEROKEE,037,6789
395,CHEROKEE,038,4338
396,CHEROKEE,039,5578
397,CHEROKEE,040,3234
398,CHEROKEE,041,3010
399,CHEROKEE,042,3301
400,CHEROKEE,043,3472
401,CHEROKEE,044,7869
402,CHEROKEE,88888,3
403,CLARKE,1A,3098
404,CLARKE,1B,3686
405,CLARKE,1C,2270
406,CLARKE,1D,2849
407,CLARKE,2A,4381
408,CLARKE,2B,5255
409,CLARKE,3A,2923
410,CLARKE,3B,4086
411,CLARKE,4A,2331
412,CLARKE,4B,4097
413,CLARKE,5A,3013
414,CLARKE,5B,3047
415,CLARKE,5C,2086
416,CLARKE,5D,3122
417,CLARKE,6A,3961
418,CLARKE,6B,3917
419,CLARKE,6C,3210
420,CLARKE,6D,1710
421,CLARKE,7A,2970
422,CLARKE,7B,3212
423,CLARKE,7C,2721
424,CLARKE,88888,10
425,CLARKE,8A,3344
426,CLARKE,8B,2348
427,CLARKE,8C,3925
428,CLAY,1,410
429,CLAY,2,372
430,CLAY,3,400
431,CLAY,4,468
432,CLAY,5,477
433,CLAY,99999,1
434,CLAYTON,88888,94
435,CLAYTON,99999,465
436,CLAYTON,EW1,3109
437,CLAYTON,EW2,3331
438,CLAYTON,FP1,3742
439,CLAYTON,FP2,2896
440,CLAYTON,FP3,2895
441,CLAYTON,FP4,1835
442,CLAYTON,FP5,4029
443,CLAYTON,FP6,1484
444,CLAYTON,JB01,3297
445,CLAYTON,JB02,4423
446,CLAYTON,JB03,4181
447,CLAYTON,JB04,2611
448,CLAYTON,JB05,2097
449,CLAYTON,JB06,2601
450,CLAYTON,JB07,3219
451,CLAYTON,JB08,4008
452,CLAYTON,JB09,1810
453,CLAYTON,JB10,3457
454,CLAYTON,JB11,3928
455,CLAYTON,JB12,3135
456,CLAYTON,JB13,2250
457,CLAYTON,JB14,4136
458,CLAYTON,JB15,2967
459,CLAYTON,JB16,2637
460,CLAYTON,JB17,3426
461,CLAYTON,JB18,3347
462,CLAYTON,JB19,3341
463,CLAYTON,LC1,3309
464,CLAYTON,LJ1,4233
465,CLAYTON,LJ2,3692
466,CLAYTON,LJ3,1788
467,CLAYTON,LJ4,4221
468,CLAYTON,LJ5,3552
469,CLAYTON,LJ6,3803
470,CLAYTON,LJ7,3097
471,CLAYTON,MO1,3366
472,CLAYTON,MO10,2378
473,CLAYTON,MO11,2380
474,CLAYTON,MO2,2146
475,CLAYTON,MO3,2465
476,CLAYTON,MO4,2145
477,CLAYTON,MO5,3122
478,CLAYTON,MO6,3092
479,CLAYTON,MO7,2163
480,CLAYTON,MO8,3239
481,CLAYTON,MO9,1541
482,CLAYTON,OAK1,2682
483,CLAYTON,OAK2,2032
484,CLAYTON,OAK3,2802
485,CLAYTON,OAK4,4394
486,CLAYTON,OAK5,1852
487,CLAYTON,PH1,2952
488,CLAYTON,PH2,3560
489,CLAYTON,RD01,2348
490,CLAYTON,RD02,3499
491,CLAYTON,RD03,3696
492,CLAYTON,RD04,4500
493,CLAYTON,RD05,3011
494,CLAYTON,RD06,3807
495,CLAYTON,RD07,3120
496,CLAYTON,RD08,2939
497,CLAYTON,RD09,2695
498,CLAYTON,RD10,3244
499,CLAYTON,RD11,1921
500,CLAYTON,RD12,3109
501,CLINCH,AB,112
502,CLINCH,AG,383
503,CLINCH,D,348
504,CLINCH,F,266
505,CLINCH,H,3297
506,COBB,88888,9
507,COBB,AC1A,5572
508,COBB,AC1B,5309
509,COBB,AC1C,5218
510,COBB,AD01,2481
511,COBB,AU1A,5389
512,COBB,BF02,3151
513,COBB,BF03,2466
514,COBB,BF04,3658
515,COBB,BG01,2361
516,COBB,BG02,3298
517,COBB,BK01,4844
518,COBB,BR01,2768
519,COBB,BR02,3896
520,COBB,BT01,2162
521,COBB,BT02,6318
522,COBB,BW01,2754
523,COBB,CA01,6086
524,COBB,CH02,3150
525,COBB,CH03,4110
526,COBB,CK01,6264
527,COBB,CL01,1925
528,COBB,CL02,5412
529,COBB,CO01,5300
530,COBB,CR01,3172
531,COBB,DC01,2845
532,COBB,DI01,3071
533,COBB,DI02,4101
534,COBB,DL01,3242
535,COBB,DO01,2128
536,COBB,DU01,4315
537,COBB,DV01,2151
538,COBB,EA01,3062
539,COBB,EA02,4107
540,COBB,EL01,4197
541,COBB,EL02,2456
542,COBB,EL03,2807
543,COBB,EL04,3029
544,COBB,EL05,2937
545,COBB,EP01,2652
546,COBB,FO02,5863
547,COBB,FO04,5375
548,COBB,FP01,3455
549,COBB,FR01,3205
550,COBB,FY01,2623
551,COBB,GM01,2920
552,COBB,GT01,4078
553,COBB,HL01,6516
554,COBB,HR01,3170
555,COBB,HT01,4302
556,COBB,HY01,4165
557,COBB,KE1A,2562
558,COBB,KE2A,3991
559,COBB,KE3A,6560
560,COBB,KE4A,3869
561,COBB,KE5A,5935
562,COBB,KL01,2011
563,COBB,KP01,1987
564,COBB,KP02,4078
565,COBB,KP03,4044
566,COBB,LA01,3667
567,COBB,LI01,4828
568,COBB,LM01,3654
569,COBB,LM02,4182
570,COBB,LM03,5485
571,COBB,LM04,2645
572,COBB,MA01,5261
573,COBB,MA02,3396
574,COBB,MA03,3020
575,COBB,MA04,1590
576,COBB,MB01,1662
577,COBB,MC01,4305
578,COBB,MD01,4079
579,COBB,ME01,3599
580,COBB,MK01,1802
581,COBB,ML01,3350
582,COBB,MR1A,4588
583,COBB,MR2A,2073
584,COBB,MR2B,4534
585,COBB,MR3A,4478
586,COBB,MR3B,2233
587,COBB,MR4A,1985
588,COBB,MR4B,2082
589,COBB,MR4C,2808
590,COBB,MR5A,3409
591,COBB,MR5B,3165
592,COBB,MR6A,2670
593,COBB,MR6B,2919
594,COBB,MR7A,3779
595,COBB,MS01,3708
596,COBB,MS02,2944
597,COBB,MT01,4182
598,COBB,MT03,3355
599,COBB,MT04,3010
600,COBB,NC01,2351
601,COBB,NJ01,4996
602,COBB,NP01,5021
603,COBB,NS01,2488
604,COBB,OK01,4005
605,COBB,OR01,1613
606,COBB,OR02,5664
607,COBB,OR03,5821
608,COBB,OR04,4734
609,COBB,OR05,3880
610,COBB,PE01,5280
611,COBB,PF01,3518
612,COBB,PM01,3531
613,COBB,PM02,3163
614,COBB,PO01,3693
615,COBB,PP01,3170
616,COBB,PR01,2790
617,COBB,PS1A,4828
618,COBB,PS2A,3562
619,COBB,PS3A,4121
620,COBB,PT01,2835
621,COBB,RM01,3434
622,COBB,RS01,2007
623,COBB,RW01,5414
624,COBB,RW02,3728
625,COBB,SA01,2983
626,COBB,SF01,3413
627,COBB,SI01,1871
628,COBB,SM01,3538
629,COBB,SM03,4841
630,COBB,SN1A,4186
631,COBB,SN2A,5397
632,COBB,SN3A,4680
633,COBB,SN3B,2522
634,COBB,SN4A,5829
635,COBB,SN5A,4392
636,COBB,SN6A,6001
637,COBB,SN7A,6546
638,COBB,SO01,2178
639,COBB,SO02,4773
640,COBB,SO03,2910
641,COBB,SW01,3255
642,COBB,SW02,3308
643,COBB,TM01,5872
644,COBB,TR01,2458
645,COBB,VA01,3188
646,COBB,VG01,3330
647,COBB,VG02,6545
648,COBB,VG03,4445
649,COBB,VG04,3422
650,COBB,WG02,4799
651,COBB,WL01,2860
652,COFFEE,1,17519
653,COFFEE,2,2072
654,COFFEE,3,348
655,COFFEE,4,2441
656,COFFEE,5,2150
657,COFFEE,6,976
658,COFFEE,88888,6
659,COLQUITT,0001,3598
660,COLQUITT,0002,4975
661,COLQUITT,0007,1567
662,COLQUITT,0008,1237
663,COLQUITT,0009,294
664,COLQUITT,0010,629
665,COLQUITT,0011,1075
666,COLQUITT,0012,803
667,COLQUITT,0013,422
668,COLQUITT,0014,1719
669,COLQUITT,0015,1138
670,COLQUITT,0016,432
671,COLQUITT,0017,1596
672,COLQUITT,0018,1011
673,COLQUITT,0019,2647
674,COLQUITT,0020,890
675,COLQUITT,0021,262
676,COLQUITT,0022,554
677,COLQUITT,0023,999
678,COLQUITT,88888,2
679,COLUMBIA,010,2594
680,COLUMBIA,015,3922
681,COLUMBIA,016,1301
682,COLUMBIA,017,4221
683,COLUMBIA,018,4708
684,COLUMBIA,020,2722
685,COLUMBIA,022,1884
686,COLUMBIA,024,1125
687,COLUMBIA,025,833
688,COLUMBIA,026,2478
689,COLUMBIA,030,3529
690,COLUMBIA,031,2885
691,COLUMBIA,032,1720
692,COLUMBIA,033,3915
693,COLUMBIA,034,3145
694,COLUMBIA,040,1602
695,COLUMBIA,050,754
696,COLUMBIA,051,1057
697,COLUMBIA,060,2217
698,COLUMBIA,061,3524
699,COLUMBIA,062,4777
700,COLUMBIA,063,1352
701,COLUMBIA,064,3660
702,COLUMBIA,065,2578
703,COLUMBIA,070,2084
704,COLUMBIA,075,2492
705,COLUMBIA,076,2025
706,COLUMBIA,080,1554
707,COLUMBIA,085,2906
708,COLUMBIA,090,2074
709,COLUMBIA,100,2238
710,COLUMBIA,105,1590
711,COLUMBIA,107,2183
712,COLUMBIA,108,1865
713,COLUMBIA,109,2780
714,COLUMBIA,110,1332
715,COLUMBIA,111,1962
716,COLUMBIA,115,2003
717,COLUMBIA,120,1909
718,COLUMBIA,125,2369
719,COLUMBIA,130,2503
720,COLUMBIA,131,1319
721,COLUMBIA,132,2474
722,COLUMBIA,134,2180
723,COLUMBIA,135,2146
724,COLUMBIA,136,2373
725,COLUMBIA,137,2193
726,COLUMBIA,99999,1
727,COOK,C,1970
728,COOK,DB,2531
729,COOK,EP,540
730,COOK,L,1300
731,COOK,M,959
732,COOK,NL,1279
733,COOK,RB,1311
734,COOK,S,1092
735,COWETA,01,6107
736,COWETA,02,2825
737,COWETA,03,2193
738,COWETA,04,858
739,COWETA,05,3577
740,COWETA,06,4668
741,COWETA,07,4429
742,COWETA,08,5495
743,COWETA,09,2724
744,COWETA,10,2458
745,COWETA,11,3312
746,COWETA,12,3149
747,COWETA,13,2579
748,COWETA,14,4694
749,COWETA,15,2639
750,COWETA,17,4623
751,COWETA,18,21259
752,COWETA,19,2893
753,COWETA,20,2055
754,COWETA,21,4722
755,COWETA,22,4583
756,COWETA,23,3749
757,COWETA,24,868
758,COWETA,25,2324
759,COWETA,26,5008
760,COWETA,27,1811
761,COWETA,88888,1
762,COWETA,99999,9
763,CRAWFORD,1A,527
764,CRAWFORD,1B,1036
765,CRAWFORD,2,1693
766,CRAWFORD,3,1765
767,CRAWFORD,4,1871
768,CRAWFORD,5,1836
769,CRAWFORD,88888,21
770,CRISP,ARABI,815
771,CRISP,CONEY,863
772,CRISP,CORDE,9110
773,CRISP,JAMES,1235
774,CRISP,LISTO,852
775,DADE,1038,1034
776,DADE,1214,1317
777,DADE,1222,2071
778,DADE,1885,734
779,DADE,1889,1305
780,DADE,88888,5
781,DADE,960,3726
782,DADE,974,1921
783,DAWSON,01,2775
784,DAWSON,02,10219
785,DAWSON,03,9273
786,DAWSON,88888,1
787,DECATUR,1277,587
788,DECATUR,1325,700
789,DECATUR,1342,590
790,DECATUR,1361,999
791,DECATUR,1613,874
792,DECATUR,1805,2339
793,DECATUR,513,5819
794,DECATUR,514,3409
795,DECATUR,694,1851
796,DEKALB,88888,8
797,DEKALB,99999,247
798,DEKALB,AA,2855
799,DEKALB,AB,2479
800,DEKALB,AD,2557
801,DEKALB,AE,3066
802,DEKALB,AF,2558
803,DEKALB,AG,3016
804,DEKALB,AH,3683
805,DEKALB,AI,3207
806,DEKALB,BB,4730
807,DEKALB,BC,3034
808,DEKALB,BD,1775
809,DEKALB,BE,2474
810,DEKALB,BF,2767
811,DEKALB,BG,3189
812,DEKALB,BH,2695
813,DEKALB,BI,3442
814,DEKALB,BJ,3864
815,DEKALB,BL,1828
816,DEKALB,BM,4843
817,DEKALB,BR,3523
818,DEKALB,CA,2507
819,DEKALB,CB,2020
820,DEKALB,CC,1774
821,DEKALB,CD,4112
822,DEKALB,CE,2328
823,DEKALB,CF,3818
824,DEKALB,CG,3339
825,DEKALB,CH,2405
826,DEKALB,CI,3298
827,DEKALB,CJ,3290
828,DEKALB,CK,3979
829,DEKALB,CL,1759
830,DEKALB,CM,2189
831,DEKALB,CN,4274
832,DEKALB,CO,2325
833,DEKALB,CP,2939
834,DEKALB,CQ,3625
835,DEKALB,CR,1908
836,DEKALB,CS,4003
837,DEKALB,CT,950
838,DEKALB,CU,2327
839,DEKALB,CV,3277
840,DEKALB,CW,3159
841,DEKALB,CX,4104
842,DEKALB,CY,2564
843,DEKALB,CZ,3190
844,DEKALB,DA,3135
845,DEKALB,DB,1263
846,DEKALB,DC,5198
847,DEKALB,DD,1952
848,DEKALB,DE,2325
849,DEKALB,DF,3075
850,DEKALB,DG,2067
851,DEKALB,DH,2781
852,DEKALB,DI,2602
853,DEKALB,EA,4193
854,DEKALB,EC,1734
855,DEKALB,EF,3496
856,DEKALB,EG,3343
857,DEKALB,ER,2602
858,DEKALB,FA,5512
859,DEKALB,FB,2158
860,DEKALB,FC,2391
861,DEKALB,FE,3467
862,DEKALB,FG,3158
863,DEKALB,FJ,2634
864,DEKALB,FK,2115
865,DEKALB,FL,2790
866,DEKALB,FM,3249
867,DEKALB,GA,2731
868,DEKALB,GB,1896
869,DEKALB,GC,3637
870,DEKALB,GD,4213
871,DEKALB,GF,2293
872,DEKALB,HA,3803
873,DEKALB,HB,3875
874,DEKALB,HC,3124
875,DEKALB,HF,3531
876,DEKALB,HG,1800
877,DEKALB,HH,4001
878,DEKALB,HI,1501
879,DEKALB,IA,2522
880,DEKALB,IB,2366
881,DEKALB,JA,1617
882,DEKALB,JB,3731
883,DEKALB,KA,2991
884,DEKALB,KB,2505
885,DEKALB,KC,1347
886,DEKALB,KE,2552
887,DEKALB,KG,2183
888,DEKALB,LA,3271
889,DEKALB,LB,2260
890,DEKALB,LC,3311
891,DEKALB,LD,1755
892,DEKALB,LE,3036
893,DEKALB,LH,3655
894,DEKALB,LV,1362
895,DEKALB,MA,3467
896,DEKALB,MB,4169
897,DEKALB,MC,4251
898,DEKALB,MD,2827
899,DEKALB,ME,3689
900,DEKALB,MF,2509
901,DEKALB,MG,2279
902,DEKALB,MH,2753
903,DEKALB,MI,4758
904,DEKALB,MJ,2229
905,DEKALB,MK,2622
906,DEKALB,ML,3530
907,DEKALB,MN,3169
908,DEKALB,MO,3151
909,DEKALB,MP,1937
910,DEKALB,MQ,2665
911,DEKALB,MR,2770
912,DEKALB,MS,2334
913,DEKALB,MT,3449
914,DEKALB,MU,2522
915,DEKALB,MV,2166
916,DEKALB,MW,1826
917,DEKALB,MZ,3468
918,DEKALB,NB,2151
919,DEKALB,NC,2349
920,DEKALB,ND,1530
921,DEKALB,NF,1911
922,DEKALB,OA,2308
923,DEKALB,OB,2143
924,DEKALB,OK,2435
925,DEKALB,OV,5061
926,DEKALB,PA,2471
927,DEKALB,PB,3519
928,DEKALB,PC,2424
929,DEKALB,PE,645
930,DEKALB,PF,4592
931,DEKALB,PG,4015
932,DEKALB,PH,1589
933,DEKALB,PI,2264
934,DEKALB,PN,2043
935,DEKALB,PR,2904
936,DEKALB,RA,3788
937,DEKALB,RC,3004
938,DEKALB,RD,1837
939,DEKALB,RE,3616
940,DEKALB,RF,2928
941,DEKALB,RG,3786
942,DEKALB,RH,4006
943,DEKALB,RI,3968
944,DEKALB,RJ,2126
945,DEKALB,RK,2937
946,DEKALB,RL,4289
947,DEKALB,RM,2517
948,DEKALB,SA,2961
949,DEKALB,SB,2854
950,DEKALB,SC,2952
951,DEKALB,SD,2338
952,DEKALB,SE,5044
953,DEKALB,SF,2147
954,DEKALB,SG,1903
955,DEKALB,SH,2133
956,DEKALB,SI,3343
957,DEKALB,SJ,3789
958,DEKALB,SK,4356
959,DEKALB,SL,1960
960,DEKALB,SM,3592
961,DEKALB,SN,1616
962,DEKALB,SO,3486
963,DEKALB,SP,3149
964,DEKALB,SQ,1716
965,DEKALB,SR,2724
966,DEKALB,SS,1959
967,DEKALB,ST,3820
968,DEKALB,SU,3832
969,DEKALB,SV,3559
970,DEKALB,SW,3871
971,DEKALB,SY,4900
972,DEKALB,TA,2865
973,DEKALB,TC,1715
974,DEKALB,TF,3516
975,DEKALB,TG,1576
976,DEKALB,TH,2988
977,DEKALB,VB,1038
978,DEKALB,WA,3156
979,DEKALB,WB,2913
980,DEKALB,WD,3466
981,DEKALB,WF,2053
982,DEKALB,WG,3871
983,DEKALB,WI,1365
984,DEKALB,WJ,3288
985,DEKALB,WK,2975
986,DEKALB,WL,1462
987,DEKALB,WN,3516
988,DEKALB,YA,1953
989,DODGE,CHAUN,413
990,DODGE,CLARK,110
991,DODGE,EDDIN,1077
992,DODGE,EMPIR,464
993,DODGE,JAYBI,217
994,DODGE,JONES,456
995,DODGE,LEE,4900
996,DODGE,MCCRA,300
997,DODGE,MILAN,343
998,DODGE,MITCH,343
999,DODGE,MULLI,523
1000,DODGE,PLAIN,464
1001,DODGE,PONDT,698
1002,DODGE,RAWLI,943
1003,DODGE,VILUL,174
1004,DODGE,YONKE,264
1005,DOOLY,10,550
1006,DOOLY,2,620
1007,DOOLY,5,1662
1008,DOOLY,7,2776
1009,DOOLY,8,474
1010,DOUGHERTY,01,2860
1011,DOUGHERTY,02,3348
1012,DOUGHERTY,03,2399
1013,DOUGHERTY,04,3944
1014,DOUGHERTY,05,3528
1015,DOUGHERTY,06,2513
1016,DOUGHERTY,07,4424
1017,DOUGHERTY,08,3375
1018,DOUGHERTY,09,1484
1019,DOUGHERTY,10,3834
1020,DOUGHERTY,11,766
1021,DOUGHERTY,12,1677
1022,DOUGHERTY,13,1560
1023,DOUGHERTY,14,1539
1024,DOUGHERTY,15,1656
1025,DOUGHERTY,16,1222
1026,DOUGHERTY,17,2579
1027,DOUGHERTY,18,2485
1028,DOUGHERTY,19,698
1029,DOUGHERTY,20,2875
1030,DOUGHERTY,21,1070
1031,DOUGHERTY,22,3064
1032,DOUGHERTY,23,2273
1033,DOUGHERTY,24,2026
1034,DOUGHERTY,25,1930
1035,DOUGHERTY,26,1111
1036,DOUGHERTY,27,1558
1037,DOUGHERTY,28,1061
1038,DOUGHERTY,88888,1
1039,DOUGHERTY,99999,122
1040,DOUGLAS,1258,6956
1041,DOUGLAS,1259,1952
1042,DOUGLAS,1260,5084
1043,DOUGLAS,1270,4210
1044,DOUGLAS,1271,3984
1045,DOUGLAS,1272,5506
1046,DOUGLAS,1273,3923
1047,DOUGLAS,1274,2010
1048,DOUGLAS,1275,6143
1049,DOUGLAS,1276,3069
1050,DOUGLAS,729,5737
1051,DOUGLAS,730,5699
1052,DOUGLAS,731,3539
1053,DOUGLAS,732,3278
1054,DOUGLAS,733,3016
1055,DOUGLAS,734,2744
1056,DOUGLAS,735,3919
1057,DOUGLAS,736N,4100
1058,DOUGLAS,736S,6415
1059,DOUGLAS,737,4103
1060,DOUGLAS,738,2269
1061,DOUGLAS,739,4218
1062,DOUGLAS,740,2477
1063,DOUGLAS,784,4525
1064,DOUGLAS,785,4358
1065,DOUGLAS,88888,4
1066,DOUGLAS,99999,93
1067,EARLY,A,909
1068,EARLY,B,3531
1069,EARLY,CS,1162
1070,EARLY,CUBA,1203
1071,EARLY,U,683
1072,ECHOLS,1058,2163
1073,ECHOLS,88888,14
1074,EFFINGHAM,1A,2041
1075,EFFINGHAM,1B,3101
1076,EFFINGHAM,1C,1494
1077,EFFINGHAM,1D,2067
1078,EFFINGHAM,2A,3203
1079,EFFINGHAM,2B,3085
1080,EFFINGHAM,2C,4840
1081,EFFINGHAM,3A,1456
1082,EFFINGHAM,3B,1593
1083,EFFINGHAM,3C,2141
1084,EFFINGHAM,3D,3251
1085,EFFINGHAM,4A,3886
1086,EFFINGHAM,4B,1924
1087,EFFINGHAM,4C,2939
1088,EFFINGHAM,5A,3009
1089,EFFINGHAM,5B,4104
1090,EFFINGHAM,5C,1776
1091,EFFINGHAM,99999,2
1092,ELBERT,189,3916
1093,ELBERT,190,649
1094,ELBERT,191,755
1095,ELBERT,192,382
1096,ELBERT,193,1118
1097,ELBERT,196,478
1098,ELBERT,197,1637
1099,ELBERT,199,593
1100,ELBERT,201,1679
1101,ELBERT,202,429
1102,ELBERT,315,1049
1103,ELBERT,88888,1
1104,EMANUEL,0050,709
1105,EMANUEL,0052,242
1106,EMANUEL,0053,7194
1107,EMANUEL,0057,517
1108,EMANUEL,0058,627
1109,EMANUEL,1208,774
1110,EMANUEL,1333,696
1111,EMANUEL,1429,511
1112,EMANUEL,1502,386
1113,EMANUEL,1560,1692
1114,EMANUEL,1748,817
1115,EMANUEL,88888,1
1116,EVANS,11,6322
1117,EVANS,88888,1
1118,EVANS,99999,3
1119,FANNIN,88888,3
1120,FANNIN,COLW,1136
1121,FANNIN,FAIR,1298
1122,FANNIN,FLIN,3292
1123,FANNIN,HEMP,1397
1124,FANNIN,HOTH,1323
1125,FANNIN,MINE,1911
1126,FANNIN,MOBI,1176
1127,FANNIN,MORG,2129
1128,FANNIN,NOON,855
1129,FANNIN,SKEN,336
1130,FANNIN,SUGC,2507
1131,FANNIN,TOCC,3621
1132,FAYETTE,01,2718
1133,FAYETTE,02,2644
1134,FAYETTE,03,3331
1135,FAYETTE,04,2156
1136,FAYETTE,05,2393
1137,FAYETTE,06,1759
1138,FAYETTE,07,2350
1139,FAYETTE,08,3076
1140,FAYETTE,09,3101
1141,FAYETTE,10,4922
1142,FAYETTE,11,1719
1143,FAYETTE,12,1258
1144,FAYETTE,13,3634
1145,FAYETTE,14,3615
1146,FAYETTE,15,2560
1147,FAYETTE,16,3382
1148,FAYETTE,17,1352
1149,FAYETTE,18,5085
1150,FAYETTE,19,1830
1151,FAYETTE,20,1023
1152,FAYETTE,21,2145
1153,FAYETTE,22,1882
1154,FAYETTE,23,1017
1155,FAYETTE,24,1639
1156,FAYETTE,25,1668
1157,FAYETTE,26,3156
1158,FAYETTE,27,3177
1159,FAYETTE,28,2245
1160,FAYETTE,29,2948
1161,FAYETTE,30,3265
1162,FAYETTE,31,3541
1163,FAYETTE,32,2051
1164,FAYETTE,33,1929
1165,FAYETTE,34,3876
1166,FAYETTE,35,3332
1167,FAYETTE,36,1955
1168,FAYETTE,88888,1
1169,FAYETTE,99999,7
1170,FLOYD,001,3455
1171,FLOYD,010,1312
1172,FLOYD,015,2412
1173,FLOYD,020,1660
1174,FLOYD,025,1196
1175,FLOYD,030,5070
1176,FLOYD,035,429
1177,FLOYD,040,1687
1178,FLOYD,045,1001
1179,FLOYD,050,2271
1180,FLOYD,055,3792
1181,FLOYD,060,1539
1182,FLOYD,065,3462
1183,FLOYD,075,5275
1184,FLOYD,076,4026
1185,FLOYD,080,1917
1186,FLOYD,085,823
1187,FLOYD,090,4323
1188,FLOYD,105,3408
1189,FLOYD,110,1595
1190,FLOYD,115,781
1191,FLOYD,125,922
1192,FLOYD,130,3638
1193,FLOYD,135,3030
1194,FLOYD,140,3065
1195,FLOYD,88888,46
1196,FORSYTH,01,11668
1197,FORSYTH,02,4583
1198,FORSYTH,03,11064
1199,FORSYTH,04,7018
1200,FORSYTH,05,8081
1201,FORSYTH,06,7263
1202,FORSYTH,07,6448
1203,FORSYTH,08,8469
1204,FORSYTH,10,11913
1205,FORSYTH,15,8450
1206,FORSYTH,16,6454
1207,FORSYTH,19,3768
1208,FORSYTH,21,8434
1209,FORSYTH,25,10013
1210,FORSYTH,27,10285
1211,FORSYTH,29,11431
1212,FORSYTH,34,5062
1213,FORSYTH,35,8589
1214,FORSYTH,36,7101
1215,FORSYTH,37,12306
1216,FORSYTH,88888,6
1217,FORSYTH,99999,1
1218,FRANKLIN,1,2457
1219,FRANKLIN,2,1800
1220,FRANKLIN,3,3063
1221,FRANKLIN,4,2423
1222,FRANKLIN,5,1272
1223,FRANKLIN,6,2056
1224,FRANKLIN,7,2473
1225,FULTON,01A,3773
1226,FULTON,01B,4448
1227,FULTON,01C,1953
1228,FULTON,01D,791
1229,FULTON,01E,3783
1230,FULTON,01F,1601
1231,FULTON,01G,2368
1232,FULTON,01H,898
1233,FULTON,01J,2861
1234,FULTON,01P,1474
1235,FULTON,01R,1575
1236,FULTON,01S,2142
1237,FULTON,01T,1841
1238,FULTON,02A,5041
1239,FULTON,02A1,740
1240,FULTON,02B,4022
1241,FULTON,02C,2068
1242,FULTON,02D,5754
1243,FULTON,02E,2020
1244,FULTON,02F1,3228
1245,FULTON,02F2,850
1246,FULTON,02G,3960
1247,FULTON,02J,2319
1248,FULTON,02K,1489
1249,FULTON,02L1,5617
1250,FULTON,02L1A,1507
1251,FULTON,02L2,2409
1252,FULTON,02S,782
1253,FULTON,02W,1024
1254,FULTON,03A,2266
1255,FULTON,03B,796
1256,FULTON,03C,1898
1257,FULTON,03D,1233
1258,FULTON,03E,2910
1259,FULTON,03F,2376
1260,FULTON,03G,1024
1261,FULTON,03H,1106
1262,FULTON,03I,1747
1263,FULTON,03L,757
1264,FULTON,03M,1129
1265,FULTON,03N,2863
1266,FULTON,03P1A,4577
1267,FULTON,03P2,24
1268,FULTON,03S,923
1269,FULTON,03T,1764
1270,FULTON,04A,1564
1271,FULTON,04B,2986
1272,FULTON,04C,160
1273,FULTON,04D,1766
1274,FULTON,04F,2869
1275,FULTON,04G,1046
1276,FULTON,04I,4587
1277,FULTON,04J,1612
1278,FULTON,04K,2793
1279,FULTON,04L,2041
1280,FULTON,04M,1002
1281,FULTON,04S,2541
1282,FULTON,04T,1308
1283,FULTON,04V,3616
1284,FULTON,04W,3267
1285,FULTON,04X1,2321
1286,FULTON,04X2,857
1287,FULTON,05A1,3014
1288,FULTON,05A2,3446
1289,FULTON,05B,2178
1290,FULTON,05C,128
1291,FULTON,05D,565
1292,FULTON,05F,249
1293,FULTON,05J,695
1294,FULTON,05K,2845
1295,FULTON,06B,1901
1296,FULTON,06D,6209
1297,FULTON,06D1,2542
1298,FULTON,06D2,840
1299,FULTON,06E,2364
1300,FULTON,06F,2903
1301,FULTON,06G,584
1302,FULTON,06I,4134
1303,FULTON,06J,2825
1304,FULTON,06L1,1008
1305,FULTON,06L2,731
1306,FULTON,06N,1810
1307,FULTON,06Q,565
1308,FULTON,06R,2058
1309,FULTON,07A,7842
1310,FULTON,07B,3013
1311,FULTON,07C,4607
1312,FULTON,07D,4985
1313,FULTON,07E,2264
1314,FULTON,07F,3857
1315,FULTON,07H,2089
1316,FULTON,07J,3097
1317,FULTON,07M,2406
1318,FULTON,07N,2173
1319,FULTON,08A,3152
1320,FULTON,08B,3544
1321,FULTON,08C,1535
1322,FULTON,08D,1076
1323,FULTON,08E,2595
1324,FULTON,08F1,2220
1325,FULTON,08G,3111
1326,FULTON,08H,2571
1327,FULTON,08J,3366
1328,FULTON,08K,1062
1329,FULTON,08L,4597
1330,FULTON,08M,2461
1331,FULTON,08N1,838
1332,FULTON,08N2,1626
1333,FULTON,08P,1932
1334,FULTON,09A,3954
1335,FULTON,09B,473
1336,FULTON,09C,3325
1337,FULTON,09D,2326
1338,FULTON,09E,3312
1339,FULTON,09F,3978
1340,FULTON,09G,3998
1341,FULTON,09H,1203
1342,FULTON,09I,1418
1343,FULTON,09K,4096
1344,FULTON,09K1,1564
1345,FULTON,09M,2639
1346,FULTON,10A,3213
1347,FULTON,10B,3974
1348,FULTON,10C,2607
1349,FULTON,10D,5057
1350,FULTON,10E,1071
1351,FULTON,10F,1220
1352,FULTON,10G,1324
1353,FULTON,10H1,442
1354,FULTON,10H2,2631
1355,FULTON,10I,334
1356,FULTON,10J,1252
1357,FULTON,10K,1639
1358,FULTON,10M,2907
1359,FULTON,10P,1607
1360,FULTON,10R,915
1361,FULTON,11B,4448
1362,FULTON,11B1,902
1363,FULTON,11C,3170
1364,FULTON,11E1,1353
1365,FULTON,11E2,1041
1366,FULTON,11E3,3620
1367,FULTON,11G,2559
1368,FULTON,11H,765
1369,FULTON,11J,2069
1370,FULTON,11K,2084
1371,FULTON,11M,1384
1372,FULTON,11M1,2205
1373,FULTON,11N,2414
1374,FULTON,11P,2092
1375,FULTON,11R,2270
1376,FULTON,12A,5021
1377,FULTON,12A1,702
1378,FULTON,12D,1440
1379,FULTON,12E1,1908
1380,FULTON,12F,1237
1381,FULTON,12G,902
1382,FULTON,12H1,1159
1383,FULTON,12H2,3034
1384,FULTON,12I,1083
1385,FULTON,12J,3241
1386,FULTON,12K,3652
1387,FULTON,12L,775
1388,FULTON,12M,3061
1389,FULTON,12N,1137
1390,FULTON,12S,2085
1391,FULTON,88888,302
1392,FULTON,99999,2048
1393,FULTON,AP01A,5334
1394,FULTON,AP01B,1344
1395,FULTON,AP01C,2441
1396,FULTON,AP01D,1072
1397,FULTON,AP021,3517
1398,FULTON,AP022,2600
1399,FULTON,AP02B,699
1400,FULTON,AP03,777
1401,FULTON,AP04A,1768
1402,FULTON,AP04B,472
1403,FULTON,AP05,4869
1404,FULTON,AP06,2010
1405,FULTON,AP07A,3989
1406,FULTON,AP07B,1918
1407,FULTON,AP09A,4535
1408,FULTON,AP09B,932
1409,FULTON,AP10,991
1410,FULTON,AP12A,783
1411,FULTON,AP12B,1014
1412,FULTON,AP12C,2483
1413,FULTON,AP14,3280
1414,FULTON,CH01,372
1415,FULTON,CH02,344
1416,FULTON,CH03,411
1417,FULTON,CH04A,834
1418,FULTON,CH05,426
1419,FULTON,CP011,1372
1420,FULTON,CP012,1496
1421,FULTON,CP01B,443
1422,FULTON,CP02,1234
1423,FULTON,CP04A,16
1424,FULTON,CP04B,38
1425,FULTON,CP051,1777
1426,FULTON,CP05B,157
1427,FULTON,CP06A,738
1428,FULTON,CP07B,8
1429,FULTON,CP07C,332
1430,FULTON,CP07D,796
1431,FULTON,CP07E,130
1432,FULTON,CP07F,270
1433,FULTON,CP081,376
1434,FULTON,CP083,252
1435,FULTON,CP084,1
1436,FULTON,CP08A,774
1437,FULTON,EP01A,3036
1438,FULTON,EP01B,3482
1439,FULTON,EP02A,2452
1440,FULTON,EP02B,1698
1441,FULTON,EP02C,533
1442,FULTON,EP02D,495
1443,FULTON,EP02E,1695
1444,FULTON,EP03A,4959
1445,FULTON,EP03B,1543
1446,FULTON,EP04A,5135
1447,FULTON,EP04B,2654
1448,FULTON,EP04C,1317
1449,FULTON,FA01A,4099
1450,FULTON,FA01B,6030
1451,FULTON,FA01C,791
1452,FULTON,FA01D,331
1453,FULTON,FC01,338
1454,FULTON,FC02,592
1455,FULTON,FC03,17
1456,FULTON,HP01,3898
1457,FULTON,JC01,4185
1458,FULTON,JC01A,1786
1459,FULTON,JC02,3086
1460,FULTON,JC03A,608
1461,FULTON,JC03B,1640
1462,FULTON,JC04A,3189
1463,FULTON,JC04B,335
1464,FULTON,JC04C,1250
1465,FULTON,JC05,2358
1466,FULTON,JC06,2909
1467,FULTON,JC07,4763
1468,FULTON,JC08,2992
1469,FULTON,JC09,3313
1470,FULTON,JC10,2673
1471,FULTON,JC11,3528
1472,FULTON,JC12,2893
1473,FULTON,JC13A,2364
1474,FULTON,JC13B,294
1475,FULTON,JC14,2668
1476,FULTON,JC15,978
1477,FULTON,JC16,2717
1478,FULTON,JC18,2854
1479,FULTON,JC19,4217
1480,FULTON,ML01A,2859
1481,FULTON,ML01B,731
1482,FULTON,ML02A,2675
1483,FULTON,ML02B,1974
1484,FULTON,ML03,3792
1485,FULTON,ML03A,308
1486,FULTON,ML04,3394
1487,FULTON,ML05,4958
1488,FULTON,ML06A,2239
1489,FULTON,ML06B,3134
1490,FULTON,ML07A,884
1491,FULTON,ML07B,1740
1492,FULTON,MP01,478
1493,FULTON,PA01,3087
1494,FULTON,RW01,5089
1495,FULTON,RW02,4124
1496,FULTON,RW03,5181
1497,FULTON,RW04,1867
1498,FULTON,RW05,3030
1499,FULTON,RW06,3109
1500,FULTON,RW07A,1843
1501,FULTON,RW07B,453
1502,FULTON,RW08,2467
1503,FULTON,RW09,4505
1504,FULTON,RW09A,1922
1505,FULTON,RW10,3713
1506,FULTON,RW11A,2898
1507,FULTON,RW12,3930
1508,FULTON,RW12A,2523
1509,FULTON,RW13,3823
1510,FULTON,RW16,2178
1511,FULTON,RW17,3162
1512,FULTON,RW19,2177
1513,FULTON,RW20,2734
1514,FULTON,RW21,3418
1515,FULTON,RW22A,4908
1516,FULTON,SC01A,41
1517,FULTON,SC01B,2129
1518,FULTON,SC01C,2282
1519,FULTON,SC02,1426
1520,FULTON,SC04,1101
1521,FULTON,SC05A,734
1522,FULTON,SC05B,3666
1523,FULTON,SC05D,2939
1524,FULTON,SC05E,682
1525,FULTON,SC07A,4596
1526,FULTON,SC07C,40
1527,FULTON,SC07D,2114
1528,FULTON,SC08B,4172
1529,FULTON,SC08C,94
1530,FULTON,SC08D,603
1531,FULTON,SC08E,747
1532,FULTON,SC08F,810
1533,FULTON,SC08G,11
1534,FULTON,SC08H,2
1535,FULTON,SC09A,1887
1536,FULTON,SC09B,1934
1537,FULTON,SC09C,1870
1538,FULTON,SC10,1904
1539,FULTON,SC11A,1719
1540,FULTON,SC11B,1763
1541,FULTON,SC13,2975
1542,FULTON,SC14A,1027
1543,FULTON,SC15,4585
1544,FULTON,SC15A,2521
1545,FULTON,SC16A,5227
1546,FULTON,SC17A,59
1547,FULTON,SC17B,11
1548,FULTON,SC17C,1336
1549,FULTON,SC18A,555
1550,FULTON,SC18B,1003
1551,FULTON,SC18C,2122
1552,FULTON,SC19A,212
1553,FULTON,SC19B,1689
1554,FULTON,SC20,2603
1555,FULTON,SC211,1912
1556,FULTON,SC212,4296
1557,FULTON,SC23A,3973
1558,FULTON,SC23B,563
1559,FULTON,SC23C,2628
1560,FULTON,SC27,2389
1561,FULTON,SC29A,3150
1562,FULTON,SC30A,162
1563,FULTON,SC30B,1124
1564,FULTON,SS01,4953
1565,FULTON,SS02A,1217
1566,FULTON,SS02B,1340
1567,FULTON,SS03,1610
1568,FULTON,SS04,3893
1569,FULTON,SS05,1870
1570,FULTON,SS06,1687
1571,FULTON,SS07A,1264
1572,FULTON,SS07B,836
1573,FULTON,SS07C,816
1574,FULTON,SS08A,1935
1575,FULTON,SS08B,714
1576,FULTON,SS08C,743
1577,FULTON,SS08D,1627
1578,FULTON,SS09A,3192
1579,FULTON,SS09B,3650
1580,FULTON,SS11A,4095
1581,FULTON,SS11B,1436
1582,FULTON,SS11C,357
1583,FULTON,SS11D,402
1584,FULTON,SS12,2939
1585,FULTON,SS13A,2148
1586,FULTON,SS13B,1348
1587,FULTON,SS14,1456
1588,FULTON,SS15A,2823
1589,FULTON,SS15B,1770
1590,FULTON,SS16,2138
1591,FULTON,SS17,3720
1592,FULTON,SS18A,656
1593,FULTON,SS18B,237
1594,FULTON,SS19A,3365
1595,FULTON,SS19B,2367
1596,FULTON,SS20,2434
1597,FULTON,SS22,2848
1598,FULTON,SS26,3893
1599,FULTON,SS29A,2918
1600,FULTON,SS31,1778
1601,FULTON,UC01A,4290
1602,FULTON,UC01B,421
1603,FULTON,UC01D,6
1604,FULTON,UC01E,523
1605,FULTON,UC02A,5742
1606,FULTON,UC02B,30
1607,FULTON,UC02C,3671
1608,FULTON,UC031,2815
1609,FULTON,UC032,409
1610,GILMER,01,3253
1611,GILMER,02,1645
1612,GILMER,03,1872
1613,GILMER,04,1264
1614,GILMER,05,3062
1615,GILMER,06,992
1616,GILMER,07,1468
1617,GILMER,08,1176
1618,GILMER,09,1742
1619,GILMER,10,1854
1620,GILMER,11,1340
1621,GILMER,12,1538
1622,GILMER,13,1880
1623,GILMER,99999,27
1624,GLASCOCK,EDGH,145
1625,GLASCOCK,GIBS,670
1626,GLASCOCK,MILL,781
1627,GLASCOCK,MITC,464
1628,GLYNN,1713,4692
1629,GLYNN,1923,3537
1630,GLYNN,1933,2883
1631,GLYNN,1943,2560
1632,GLYNN,2713,3803
1633,GLYNN,2923,2924
1634,GLYNN,2933,4403
1635,GLYNN,2943,4432
1636,GLYNN,2953,800
1637,GLYNN,3713,4003
1638,GLYNN,3723,2138
1639,GLYNN,3733,2993
1640,GLYNN,3743,3383
1641,GLYNN,4913,3408
1642,GLYNN,4923,3356
1643,GLYNN,4933,2971
1644,GLYNN,5913,2385
1645,GLYNN,5923,3353
1646,GLYNN,5933,3615
1647,GLYNN,5943,1433
1648,GLYNN,88888,13
1649,GLYNN,99999,31
1650,GORDON,1054,1509
1651,GORDON,1055,2104
1652,GORDON,1056,5520
1653,GORDON,1063,1116
1654,GORDON,1064,691
1655,GORDON,1235,1475
1656,GORDON,849-A,6546
1657,GORDON,849-B,9868
1658,GORDON,856,1978
1659,GORDON,874,2051
1660,GORDON,88888,1
1661,GORDON,973,3047
1662,GORDON,980,1578
1663,GORDON,99999,1
1664,GRADY,88888,4
1665,GRADY,B,937
1666,GRADY,C04,2552
1667,GRADY,C05,2675
1668,GRADY,D,475
1669,GRADY,H,884
1670,GRADY,L,327
1671,GRADY,M,1426
1672,GRADY,P,1022
1673,GRADY,R,485
1674,GRADY,S,776
1675,GRADY,SH,568
1676,GRADY,W,1229
1677,GRADY,WL,2352
1678,GREENE,001,4120
1679,GREENE,004,1885
1680,GREENE,005,1029
1681,GREENE,006,364
1682,GREENE,008,7274
1683,GREENE,88888,2
1684,GWINNETT,001,7404
1685,GWINNETT,002,4012
1686,GWINNETT,003,4864
1687,GWINNETT,004,1854
1688,GWINNETT,005,2748
1689,GWINNETT,006,3992
1690,GWINNETT,007,5125
1691,GWINNETT,008,4866
1692,GWINNETT,009,5800
1693,GWINNETT,010,2448
1694,GWINNETT,011,2615
1695,GWINNETT,012,5491
1696,GWINNETT,013,3082
1697,GWINNETT,014,3507
1698,GWINNETT,015,3875
1699,GWINNETT,016,5163
1700,GWINNETT,017,3399
1701,GWINNETT,018,3113
1702,GWINNETT,019,2642
1703,GWINNETT,020,2843
1704,GWINNETT,021,3572
1705,GWINNETT,022,2127
1706,GWINNETT,023,2337
1707,GWINNETT,024,4803
1708,GWINNETT,025,5848
1709,GWINNETT,026,5074
1710,GWINNETT,027,4620
1711,GWINNETT,028,6125
1712,GWINNETT,029,1585
1713,GWINNETT,030,2937
1714,GWINNETT,031,3224
1715,GWINNETT,032,2950
1716,GWINNETT,033,2012
1717,GWINNETT,034,2325
1718,GWINNETT,035,3838
1719,GWINNETT,036,2975
1720,GWINNETT,037,2232
1721,GWINNETT,038,2677
1722,GWINNETT,039,7322
1723,GWINNETT,040,4618
1724,GWINNETT,041,6052
1725,GWINNETT,042,3082
1726,GWINNETT,043,2510
1727,GWINNETT,044,4237
1728,GWINNETT,045,3198
1729,GWINNETT,046,1806
1730,GWINNETT,047,2931
1731,GWINNETT,048,3640
1732,GWINNETT,049,2037
1733,GWINNETT,050,2736
1734,GWINNETT,051,2683
1735,GWINNETT,052,2444
1736,GWINNETT,053,4024
1737,GWINNETT,054,5197
1738,GWINNETT,055,4805
1739,GWINNETT,056,2306
1740,GWINNETT,057,5220
1741,GWINNETT,058,3854
1742,GWINNETT,059,3992
1743,GWINNETT,060,5152
1744,GWINNETT,061,2391
1745,GWINNETT,062,2359
1746,GWINNETT,063,2693
1747,GWINNETT,064,3539
1748,GWINNETT,065,2023
1749,GWINNETT,066,3467
1750,GWINNETT,067,5873
1751,GWINNETT,068,3582
1752,GWINNETT,069,3523
1753,GWINNETT,070,4034
1754,GWINNETT,071,4173
1755,GWINNETT,072,6461
1756,GWINNETT,073,2190
1757,GWINNETT,074,1969
1758,GWINNETT,075,5223
1759,GWINNETT,076,3733
1760,GWINNETT,077,5878
1761,GWINNETT,078,3907
1762,GWINNETT,079,2852
1763,GWINNETT,080,6598
1764,GWINNETT,081,4298
1765,GWINNETT,082,5056
1766,GWINNETT,083,4413
1767,GWINNETT,084,3092
1768,GWINNETT,085,4343
1769,GWINNETT,086,2607
1770,GWINNETT,087,3475
1771,GWINNETT,088,4784
1772,GWINNETT,089,3694
1773,GWINNETT,090,3306
1774,GWINNETT,091,4682
1775,GWINNETT,092,2784
1776,GWINNETT,093,3975
1777,GWINNETT,094,2598
1778,GWINNETT,095,6409
1779,GWINNETT,096,3075
1780,GWINNETT,097,5570
1781,GWINNETT,098,3278
1782,GWINNETT,099,3299
1783,GWINNETT,100,4718
1784,GWINNETT,101,2163
1785,GWINNETT,102,3160
1786,GWINNETT,103,3382
1787,GWINNETT,104,5836
1788,GWINNETT,105,4212
1789,GWINNETT,106,5893
1790,GWINNETT,107,1454
1791,GWINNETT,108,3410
1792,GWINNETT,109,1928
1793,GWINNETT,110,2445
1794,GWINNETT,111,2857
1795,GWINNETT,112,3139
1796,GWINNETT,113,1764
1797,GWINNETT,114,4349
1798,GWINNETT,115,5192
1799,GWINNETT,116,4156
1800,GWINNETT,117,4103
1801,GWINNETT,118,1811
1802,GWINNETT,119,2623
1803,GWINNETT,120,1522
1804,GWINNETT,121,3532
1805,GWINNETT,122,5916
1806,GWINNETT,123,3335
1807,GWINNETT,124,2709
1808,GWINNETT,125,1902
1809,GWINNETT,126,2703
1810,GWINNETT,127,2316
1811,GWINNETT,128,2836
1812,GWINNETT,129,5574
1813,GWINNETT,130,4831
1814,GWINNETT,131,4345
1815,GWINNETT,132,3346
1816,GWINNETT,133,4934
1817,GWINNETT,134,4708
1818,GWINNETT,135,3461
1819,GWINNETT,136,4427
1820,GWINNETT,137,5104
1821,GWINNETT,138,5226
1822,GWINNETT,139,5507
1823,GWINNETT,140,3858
1824,GWINNETT,141,2857
1825,GWINNETT,142,4043
1826,GWINNETT,143,4859
1827,GWINNETT,144,7422
1828,GWINNETT,145,6473
1829,GWINNETT,146,7082
1830,GWINNETT,147,5990
1831,GWINNETT,148,1797
1832,GWINNETT,149,2508
1833,GWINNETT,150,2860
1834,GWINNETT,151,2949
1835,GWINNETT,152,4907
1836,GWINNETT,153,2654
1837,GWINNETT,154,3691
1838,GWINNETT,155,4012
1839,GWINNETT,156,4616
1840,GWINNETT,88888,61
1841,GWINNETT,99999,119
1842,HABERSHAM,01,9277
1843,HABERSHAM,02,6398
1844,HABERSHAM,03,4988
1845,HABERSHAM,04,802
1846,HABERSHAM,05,1301
1847,HABERSHAM,06,4552
1848,HABERSHAM,07,1604
1849,HABERSHAM,88888,18
1850,HABERSHAM,99999,6
1851,HALL,001,5949
1852,HALL,002,3921
1853,HALL,003,2957
1854,HALL,004,4270
1855,HALL,005,4643
1856,HALL,006,3676
1857,HALL,007,5838
1858,HALL,008,4077
1859,HALL,009,4904
1860,HALL,010,5956
1861,HALL,011,6788
1862,HALL,012,4154
1863,HALL,013,3631
1864,HALL,014,3561
1865,HALL,015,2993
1866,HALL,016,6187
1867,HALL,017,3995
1868,HALL,018,3592
1869,HALL,019,4404
1870,HALL,020,3834
1871,HALL,021,4254
1872,HALL,022,3364
1873,HALL,023,5470
1874,HALL,024,2994
1875,HALL,025,1733
1876,HALL,026,1248
1877,HALL,027,3897
1878,HALL,028,8649
1879,HALL,029,3567
1880,HALL,030,4666
1881,HALL,031,3499
1882,HALL,88888,4
1883,HALL,99999,2
1884,HANCOCK,1A,1048
1885,HANCOCK,1B,581
1886,HANCOCK,2A,952
1887,HANCOCK,2B,474
1888,HANCOCK,3A,364
1889,HANCOCK,3B,753
1890,HANCOCK,3C,295
1891,HANCOCK,4A,977
1892,HANCOCK,4B,375
1893,HANCOCK,4C,149
1894,HANCOCK,99999,1
1895,HARALSON,02,6808
1896,HARALSON,03,2422
1897,HARALSON,04,1101
1898,HARALSON,05,1729
1899,HARALSON,06,764
1900,HARALSON,07,319
1901,HARALSON,08,717
1902,HARALSON,09,344
1903,HARALSON,10,1992
1904,HARALSON,11,674
1905,HARALSON,12,3147
1906,HARALSON,13,1192
1907,HARRIS,88888,7
1908,HARRIS,CA,3000
1909,HARRIS,EL,4363
1910,HARRIS,GM,1735
1911,HARRIS,HA,2854
1912,HARRIS,L9,2652
1913,HARRIS,MG,2990
1914,HARRIS,PV,1159
1915,HARRIS,SK,930
1916,HARRIS,U9,1678
1917,HARRIS,VP,812
1918,HARRIS,WA,2960
1919,HARRIS,WH,1448
1920,HART,2,6667
1921,HART,3,1949
1922,HART,4,1169
1923,HART,5,3119
1924,HART,6,1446
1925,HART,7,1746
1926,HART,8,1390
1927,HEARD,CEN,1810
1928,HEARD,COO,744
1929,HEARD,ENO,1179
1930,HEARD,EPH,1352
1931,HEARD,FRA,2243
1932,HEARD,SOU,640
1933,HENRY,25,7363
1934,HENRY,26,3478
1935,HENRY,27,5018
1936,HENRY,28,7154
1937,HENRY,29,10297
1938,HENRY,30,5590
1939,HENRY,31,7322
1940,HENRY,32,5523
1941,HENRY,33,5730
1942,HENRY,34,6350
1943,HENRY,35,2986
1944,HENRY,36,3810
1945,HENRY,37,3447
1946,HENRY,38,5294
1947,HENRY,39,6723
1948,HENRY,41,3690
1949,HENRY,42,4878
1950,HENRY,43,4252
1951,HENRY,44,3391
1952,HENRY,45,3701
1953,HENRY,46,4146
1954,HENRY,47,4327
1955,HENRY,48,4968
1956,HENRY,49,4158
1957,HENRY,50,5331
1958,HENRY,51,4604
1959,HENRY,52,5223
1960,HENRY,53,4530
1961,HENRY,54,4548
1962,HENRY,55,3487
1963,HENRY,56,3759
1964,HENRY,57,2768
1965,HENRY,58,3623
1966,HENRY,59,4226
1967,HENRY,60,4362
1968,HENRY,61,4392
1969,HENRY,62,2218
1970,HENRY,88888,47
1971,HENRY,99999,23
1972,HOUSTON,88888,2
1973,HOUSTON,99999,11
1974,HOUSTON,ANNX,4629
1975,HOUSTON,BMS,9934
1976,HOUSTON,CENT,8124
1977,HOUSTON,CGTC,5059
1978,HOUSTON,FMMS,9109
1979,HOUSTON,HAFS,1873
1980,HOUSTON,HCTC,6600
1981,HOUSTON,HEFS,1425
1982,HOUSTON,HHPC,9946
1983,HOUSTON,MCMS,9513
1984,HOUSTON,NSES,2508
1985,HOUSTON,RECR,9676
1986,HOUSTON,ROZR,14304
1987,HOUSTON,TMS,5506
1988,HOUSTON,TWPK,4523
1989,HOUSTON,VHS,6625
1990,IRWIN,0901,1829
1991,IRWIN,1529,3667
1992,IRWIN,1753,675
1993,IRWIN,88888,3
1994,JACKSON,1000,16794
1995,JACKSON,2000,12964
1996,JACKSON,3000,15650
1997,JACKSON,4000,8308
1998,JASPER,290,2013
1999,JASPER,295,4661
2000,JASPER,296,4097
2001,JASPER,99999,2
2002,JEFF DAVIS,100,1471
2003,JEFF DAVIS,201,705
2004,JEFF DAVIS,202,1256
2005,JEFF DAVIS,301,893
2006,JEFF DAVIS,302,730
2007,JEFF DAVIS,401,1002
2008,JEFF DAVIS,402,658
2009,JEFF DAVIS,501,1467
2010,JEFF DAVIS,502,512
2011,JEFFERSON,0076,447
2012,JEFFERSON,0077,636
2013,JEFFERSON,0081,2904
2014,JEFFERSON,0082,3964
2015,JEFFERSON,0083,1921
2016,JEFFERSON,0085,542
2017,JEFFERSON,1460,691
2018,JEFFERSON,1593,383
2019,JEFFERSON,88888,4
2020,JEFFERSON,99999,5
2021,JENKINS,1,993
2022,JENKINS,2,1066
2023,JENKINS,3,1050
2024,JENKINS,4,995
2025,JENKINS,5,1098
2026,JOHNSON,1201,3113
2027,JOHNSON,1266,814
2028,JOHNSON,1301,812
2029,JOHNSON,55,930
2030,JONES,1,2807
2031,JONES,10,3300
2032,JONES,11,1792
2033,JONES,2,2337
2034,JONES,3,2852
2035,JONES,4,1629
2036,JONES,5,1830
2037,JONES,6,1378
2038,JONES,8,209
2039,JONES,88888,1
2040,JONES,9,2626
2041,LAMAR,1711,2587
2042,LAMAR,1712A,1656
2043,LAMAR,1712B,1373
2044,LAMAR,1712C,645
2045,LAMAR,1713,2852
2046,LAMAR,1714,4129
2047,LAMAR,88888,7
2048,LANIER,1,5744
2049,LANIER,88888,2
2050,LANIER,99999,4
2051,LAURENS,03,4225
2052,LAURENS,04,6177
2053,LAURENS,05,3721
2054,LAURENS,07,1071
2055,LAURENS,08,436
2056,LAURENS,10,799
2057,LAURENS,11,1777
2058,LAURENS,12,1137
2059,LAURENS,13,1829
2060,LAURENS,14,410
2061,LAURENS,15,970
2062,LAURENS,16,2419
2063,LAURENS,18,2139
2064,LAURENS,19,916
2065,LAURENS,21,3494
2066,LAURENS,22,2111
2067,LAURENS,88888,2
2068,LAURENS,99999,1
2069,LEE,1,486
2070,LEE,10,4956
2071,LEE,2,1033
2072,LEE,3,627
2073,LEE,4,3399
2074,LEE,5,1435
2075,LEE,6,4020
2076,LEE,7,1660
2077,LEE,8,2684
2078,LEE,88888,2
2079,LEE,9,3289
2080,LEE,99999,1
2081,LIBERTY,1,1103
2082,LIBERTY,10,4763
2083,LIBERTY,11,4590
2084,LIBERTY,12,2183
2085,LIBERTY,13,2624
2086,LIBERTY,14,2574
2087,LIBERTY,2,2116
2088,LIBERTY,3,4494
2089,LIBERTY,4,3256
2090,LIBERTY,5,529
2091,LIBERTY,6,3388
2092,LIBERTY,7,3572
2093,LIBERTY,9,2789
2094,LINCOLN,1-A,611
2095,LINCOLN,1-B,794
2096,LINCOLN,2,1506
2097,LINCOLN,3-A,494
2098,LINCOLN,3-B,1020
2099,LINCOLN,4-A,586
2100,LINCOLN,4-B,1267
2101,LINCOLN,88888,2
2102,LONG,1,1497
2103,LONG,2,3015
2104,LONG,3,1306
2105,LONG,4,2149
2106,LONG,5,862
2107,LONG,6,284
2108,LONG,7,873
2109,LONG,88888,11
2110,LONG,99999,2
2111,LOWNDES,001,5750
2112,LOWNDES,002,10053
2113,LOWNDES,003,17880
2114,LOWNDES,004,1325
2115,LOWNDES,005,10181
2116,LOWNDES,006,4379
2117,LOWNDES,007,4919
2118,LOWNDES,008,4383
2119,LOWNDES,009,4148
2120,LOWNDES,010,312
2121,LOWNDES,011,6485
2122,LOWNDES,012,3320
2123,LOWNDES,013,4647
2124,LOWNDES,88888,2
2125,LOWNDES,99999,6
2126,LUMPKIN,DA,23034
2127,MACON,1,1422
2128,MACON,2,1339
2129,MACON,3,1387
2130,MACON,4,1628
2131,MACON,5,1400
2132,MACON,88888,33
2133,MADISON,99999,1
2134,MADISON,COB,3389
2135,MADISON,COL,680
2136,MADISON,COM,1478
2137,MADISON,DAN,3069
2138,MADISON,FOR,570
2139,MADISON,HAR,629
2140,MADISON,HUL,4542
2141,MADISON,ILA,1782
2142,MADISON,MIL,1720
2143,MADISON,PAO,277
2144,MADISON,PIT,1988
2145,MADISON,POC,1135
2146,MARION,339,1002
2147,MARION,807,2410
2148,MARION,808,328
2149,MARION,88888,1
2150,MARION,948,401
2151,MARION,955,931
2152,MCDUFFIE,131,1193
2153,MCDUFFIE,132,1531
2154,MCDUFFIE,133A,1308
2155,MCDUFFIE,133B,2027
2156,MCDUFFIE,134,1958
2157,MCDUFFIE,135,3186
2158,MCDUFFIE,136,1999
2159,MCDUFFIE,137,1236
2160,MCDUFFIE,139,1019
2161,MCINTOSH,1312,52
2162,MCINTOSH,1480,560
2163,MCINTOSH,1515,2030
2164,MCINTOSH,1771,2488
2165,MCINTOSH,22,2144
2166,MCINTOSH,271,2200
2167,MCINTOSH,88888,2
2168,MCINTOSH,99999,2
2169,MERIWETHER,01,460
2170,MERIWETHER,02,1737
2171,MERIWETHER,03,1028
2172,MERIWETHER,04,303
2173,MERIWETHER,05,2057
2174,MERIWETHER,06,1315
2175,MERIWETHER,07,2850
2176,MERIWETHER,08,1574
2177,MERIWETHER,09,421
2178,MERIWETHER,10,1391
2179,MERIWETHER,11,1186
2180,MERIWETHER,12,754
2181,MERIWETHER,13,522
2182,MERIWETHER,14,205
2183,MILLER,1,3997
2184,MITCHELL,88888,4
2185,MITCHELL,BA,1167
2186,MITCHELL,BV,615
2187,MITCHELL,CN,2031
2188,MITCHELL,CS,3533
2189,MITCHELL,CT,410
2190,MITCHELL,HF,352
2191,MITCHELL,HI,137
2192,MITCHELL,LS,1404
2193,MITCHELL,PC,161
2194,MITCHELL,PE,3584
2195,MITCHELL,SC,393
2196,MONROE,01,2318
2197,MONROE,02,1129
2198,MONROE,03,2318
2199,MONROE,04,813
2200,MONROE,05,736
2201,MONROE,06,469
2202,MONROE,07,1010
2203,MONROE,08,2184
2204,MONROE,09,4714
2205,MONROE,10,2039
2206,MONROE,11,721
2207,MONROE,12,1332
2208,MONROE,13,1270
2209,MONROE,14,465
2210,MONTGOMERY,01,439
2211,MONTGOMERY,02,479
2212,MONTGOMERY,03,1361
2213,MONTGOMERY,04,545
2214,MONTGOMERY,05,1461
2215,MONTGOMERY,06,343
2216,MONTGOMERY,07,923
2217,MORGAN,01,3002
2218,MORGAN,02,2305
2219,MORGAN,03,856
2220,MORGAN,04,2812
2221,MORGAN,05,742
2222,MORGAN,06,2714
2223,MORGAN,07,2745
2224,MORGAN,88888,1
2225,MORGAN,99999,6
2226,MURRAY,1013,2632
2227,MURRAY,1039,3067
2228,MURRAY,1291,3385
2229,MURRAY,1895,3778
2230,MURRAY,824,5990
2231,MURRAY,872,2149
2232,MURRAY,874,2206
2233,MUSCOGEE,101,5495
2234,MUSCOGEE,102,4499
2235,MUSCOGEE,103,5471
2236,MUSCOGEE,104,2813
2237,MUSCOGEE,105,3342
2238,MUSCOGEE,106,6978
2239,MUSCOGEE,107,4661
2240,MUSCOGEE,108,6694
2241,MUSCOGEE,109,2723
2242,MUSCOGEE,110,6332
2243,MUSCOGEE,112,10677
2244,MUSCOGEE,113,6208
2245,MUSCOGEE,114,4601
2246,MUSCOGEE,115,7251
2247,MUSCOGEE,116,7918
2248,MUSCOGEE,117,5768
2249,MUSCOGEE,118,5841
2250,MUSCOGEE,119,5556
2251,MUSCOGEE,120,8205
2252,MUSCOGEE,121,3301
2253,MUSCOGEE,122,2057
2254,MUSCOGEE,124,4673
2255,MUSCOGEE,125,3213
2256,MUSCOGEE,126,3358
2257,MUSCOGEE,127,7583
2258,MUSCOGEE,88888,14
2259,MUSCOGEE,99999,269
2260,NEWTON,01,1926
2261,NEWTON,02,4595
2262,NEWTON,03,5166
2263,NEWTON,04,4826
2264,NEWTON,05,3259
2265,NEWTON,06,3722
2266,NEWTON,07,2709
2267,NEWTON,08,2923
2268,NEWTON,09,4784
2269,NEWTON,10,6416
2270,NEWTON,12,4210
2271,NEWTON,13,5626
2272,NEWTON,14,2234
2273,NEWTON,15,1549
2274,NEWTON,16,809
2275,NEWTON,17,2477
2276,NEWTON,18,3789
2277,NEWTON,19,4977
2278,NEWTON,20,5213
2279,NEWTON,23,3037
2280,NEWTON,24,5143
2281,NEWTON,25,2390
2282,NEWTON,88888,3
2283,NEWTON,99999,2
2284,OCONEE,01,3938
2285,OCONEE,02,1913
2286,OCONEE,03,1403
2287,OCONEE,04,742
2288,OCONEE,05,1939
2289,OCONEE,06,1963
2290,OCONEE,07,1291
2291,OCONEE,08,3680
2292,OCONEE,09,2404
2293,OCONEE,10,4143
2294,OCONEE,11,2777
2295,OCONEE,12,4437
2296,OGLETHORPE,BV,3599
2297,OGLETHORPE,CR,3049
2298,OGLETHORPE,LX,4340
2299,PAULDING,0001B,6536
2300,PAULDING,0002C,3764
2301,PAULDING,0003C,5319
2302,PAULDING,0004C,8675
2303,PAULDING,0005C,6220
2304,PAULDING,0006B,4598
2305,PAULDING,0007B,11203
2306,PAULDING,0008C,11873
2307,PAULDING,0009B,5185
2308,PAULDING,0010B,4977
2309,PAULDING,0011C,7340
2310,PAULDING,0012C,2830
2311,PAULDING,0013B,10307
2312,PAULDING,0014B,6050
2313,PAULDING,0015C,6203
2314,PAULDING,0016C,2613
2315,PAULDING,0017C,4278
2316,PAULDING,0018C,2850
2317,PAULDING,0019C,8234
2318,PAULDING,88888,1
2319,PAULDING,99999,8
2320,PEACH,88888,68
2321,PEACH,B1,2717
2322,PEACH,B2,5257
2323,PEACH,C1,942
2324,PEACH,F1,2774
2325,PEACH,F2,2741
2326,PEACH,F3,2773
2327,PEACH,P1,1414
2328,PICKENS,1,3627
2329,PICKENS,10,2643
2330,PICKENS,11,1941
2331,PICKENS,12,2474
2332,PICKENS,2,2052
2333,PICKENS,3,844
2334,PICKENS,4,1178
2335,PICKENS,5,715
2336,PICKENS,6,1483
2337,PICKENS,7,1806
2338,PICKENS,8,2490
2339,PICKENS,9,2656
2340,PIERCE,0001,3663
2341,PIERCE,0002,3307
2342,PIERCE,3A,1643
2343,PIERCE,3B,1447
2344,PIERCE,4A,1354
2345,PIERCE,4B,492
2346,PIERCE,4C,959
2347,PIERCE,4D,270
2348,PIERCE,88888,1
2349,PIERCE,99999,1
2350,PIKE,1,1530
2351,PIKE,2,1801
2352,PIKE,3,1356
2353,PIKE,4,1604
2354,PIKE,5,2671
2355,PIKE,6,1155
2356,PIKE,7,1864
2357,PIKE,8,2246
2358,POLK,01,3355
2359,POLK,02,1739
2360,POLK,03,6455
2361,POLK,04,2641
2362,POLK,05,2898
2363,POLK,06,5986
2364,POLK,07,2022
2365,PULASKI,ANNEX,5843
2366,PUTNAM,101,3347
2367,PUTNAM,104,3457
2368,PUTNAM,105,3860
2369,PUTNAM,106,1400
2370,PUTNAM,107,4432
2371,QUITMAN,88888,2
2372,QUITMAN,G,1536
2373,QUITMAN,M,94
2374,RABUN,88888,2
2375,RABUN,RABUN,13378
2376,RANDOLPH,131,241
2377,RANDOLPH,334,915
2378,RANDOLPH,566,360
2379,RANDOLPH,718A,2299
2380,RANDOLPH,718B,340
2381,RANDOLPH,88888,1
2382,RANDOLPH,954,263
2383,RICHMOND,101,936
2384,RICHMOND,102,1393
2385,RICHMOND,103,1458
2386,RICHMOND,104,3098
2387,RICHMOND,105,851
2388,RICHMOND,106,1224
2389,RICHMOND,107,1852
2390,RICHMOND,108,529
2391,RICHMOND,109,1124
2392,RICHMOND,111,1629
2393,RICHMOND,112,938
2394,RICHMOND,114,894
2395,RICHMOND,115,615
2396,RICHMOND,201,1401
2397,RICHMOND,202,4728
2398,RICHMOND,203,1025
2399,RICHMOND,204,1626
2400,RICHMOND,207,2750
2401,RICHMOND,208,2555
2402,RICHMOND,210,1552
2403,RICHMOND,301,2480
2404,RICHMOND,302,1154
2405,RICHMOND,303,1465
2406,RICHMOND,304,374
2407,RICHMOND,305,427
2408,RICHMOND,306,4084
2409,RICHMOND,307,1685
2410,RICHMOND,308,658
2411,RICHMOND,309,3453
2412,RICHMOND,310,5404
2413,RICHMOND,401,2160
2414,RICHMOND,402,3464
2415,RICHMOND,404,1852
2416,RICHMOND,405,4544
2417,RICHMOND,406,3327
2418,RICHMOND,501,3630
2419,RICHMOND,502,4266
2420,RICHMOND,503,4129
2421,RICHMOND,504,2469
2422,RICHMOND,506,419
2423,RICHMOND,507,1038
2424,RICHMOND,509,2215
2425,RICHMOND,601,4140
2426,RICHMOND,603,3668
2427,RICHMOND,604,1868
2428,RICHMOND,605,3985
2429,RICHMOND,607,1849
2430,RICHMOND,608,1518
2431,RICHMOND,701,2421
2432,RICHMOND,702,2004
2433,RICHMOND,703,4819
2434,RICHMOND,705,2371
2435,RICHMOND,706,3388
2436,RICHMOND,707,2241
2437,RICHMOND,708,312
2438,RICHMOND,709,595
2439,RICHMOND,801,529
2440,RICHMOND,801B,537
2441,RICHMOND,802,3354
2442,RICHMOND,803,280
2443,RICHMOND,804,2177
2444,RICHMOND,804H,2917
2445,RICHMOND,805,828
2446,RICHMOND,806,1240
2447,RICHMOND,807,1651
2448,RICHMOND,808,2443
2449,RICHMOND,809,894
2450,RICHMOND,810,449
2451,RICHMOND,88888,10
2452,RICHMOND,99999,22
2453,ROCKDALE,88888,6
2454,ROCKDALE,99999,11
2455,ROCKDALE,BA,4782
2456,ROCKDALE,BT,4008
2457,ROCKDALE,CO,3772
2458,ROCKDALE,FI,6136
2459,ROCKDALE,FS,3846
2460,ROCKDALE,HC,2399
2461,ROCKDALE,HI,3482
2462,ROCKDALE,LA,2010
2463,ROCKDALE,LO,3937
2464,ROCKDALE,MA,3166
2465,ROCKDALE,MI,4022
2466,ROCKDALE,OT,5897
2467,ROCKDALE,RO,4703
2468,ROCKDALE,SM,4295
2469,ROCKDALE,SP,4727
2470,ROCKDALE,ST,3185
2471,SCHLEY,01,4234
2472,SCREVEN,02,512
2473,SCREVEN,03,1135
2474,SCREVEN,04,1241
2475,SCREVEN,05,530
2476,SCREVEN,06,978
2477,SCREVEN,07,925
2478,SCREVEN,08,442
2479,SCREVEN,09,915
2480,SCREVEN,10,1253
2481,SCREVEN,11,397
2482,SCREVEN,12,287
2483,SEMINOLE,1,1303
2484,SEMINOLE,2,1131
2485,SEMINOLE,3,1176
2486,SEMINOLE,4,1121
2487,SEMINOLE,5,1235
2488,SPALDING,01,2330
2489,SPALDING,02,2032
2490,SPALDING,03,2829
2491,SPALDING,05,3832
2492,SPALDING,06,2522
2493,SPALDING,07,1761
2494,SPALDING,08,1806
2495,SPALDING,09,1994
2496,SPALDING,10,2045
2497,SPALDING,11,2604
2498,SPALDING,12,2223
2499,SPALDING,13,2636
2500,SPALDING,14,2067
2501,SPALDING,16,4709
2502,SPALDING,17,2100
2503,SPALDING,19,2736
2504,SPALDING,20,2242
2505,SPALDING,21,4917
2506,SPALDING,88888,2
2507,SPALDING,99999,9
2508,STEPHENS,88888,29
2509,STEPHENS,SC1,18507
2510,STEWART,02,1284
2511,STEWART,04,293
2512,STEWART,05,1135
2513,STEWART,06,210
2514,STEWART,88888,2
2515,SUMTER,15,1724
2516,SUMTER,17,718
2517,SUMTER,28,943
2518,SUMTER,29,445
2519,SUMTER,88888,3
2520,SUMTER,99999,5
2521,SUMTER,C1-27,3141
2522,SUMTER,C2-27,3107
2523,SUMTER,C3-27,2960
2524,SUMTER,E-27,1800
2525,SUMTER,N-26,389
2526,SUMTER,O-26,1075
2527,SUMTER,W-27,2084
2528,TALBOT,01,566
2529,TALBOT,02,694
2530,TALBOT,03,443
2531,TALBOT,04,494
2532,TALBOT,05,907
2533,TALBOT,06,473
2534,TALBOT,08,1057
2535,TALBOT,88888,3
2536,TALIAFERRO,172,259
2537,TALIAFERRO,601,998
2538,TATTNALL,1,781
2539,TATTNALL,10,1151
2540,TATTNALL,3,1506
2541,TATTNALL,4,276
2542,TATTNALL,5,2501
2543,TATTNALL,7,2542
2544,TATTNALL,8,2544
2545,TATTNALL,9,1065
2546,TAYLOR,1,1135
2547,TAYLOR,5,2268
2548,TAYLOR,6,2104
2549,TAYLOR,88888,3
2550,TELFAIR,99999,28
2551,TELFAIR,HE,999
2552,TELFAIR,JA,645
2553,TELFAIR,LU,969
2554,TELFAIR,MC,2380
2555,TELFAIR,MI,822
2556,TELFAIR,SC,333
2557,TERRELL,01,3072
2558,TERRELL,02,1367
2559,TERRELL,03,902
2560,TERRELL,04,418
2561,TERRELL,05,612
2562,TERRELL,06,310
2563,TERRELL,88888,3
2564,THOMAS,101,659
2565,THOMAS,102,1639
2566,THOMAS,103,3624
2567,THOMAS,104,1022
2568,THOMAS,105,2553
2569,THOMAS,106,1176
2570,THOMAS,107,1441
2571,THOMAS,108,2160
2572,THOMAS,109,2032
2573,THOMAS,110,1930
2574,THOMAS,111,890
2575,THOMAS,112,731
2576,THOMAS,113,307
2577,THOMAS,114,2207
2578,THOMAS,115,1237
2579,THOMAS,116,423
2580,THOMAS,117,706
2581,THOMAS,118,2254
2582,THOMAS,119,1386
2583,THOMAS,120,2580
2584,THOMAS,88888,2
2585,THOMAS,99999,7
2586,TIFT,01,3449
2587,TIFT,02,2263
2588,TIFT,03,1539
2589,TIFT,04,1353
2590,TIFT,05,1073
2591,TIFT,06,1334
2592,TIFT,07,904
2593,TIFT,08,1253
2594,TIFT,09,3468
2595,TIFT,10,2425
2596,TIFT,11,2951
2597,TIFT,12,3213
2598,TIFT,88888,3
2599,TIFT,99999,5
2600,TOOMBS,15361,3815
2601,TOOMBS,39,1453
2602,TOOMBS,43,1506
2603,TOOMBS,513,5856
2604,TOOMBS,514,3951
2605,TOWNS,1468,3223
2606,TOWNS,833,3764
2607,TOWNS,88888,16
2608,TOWNS,990,3558
2609,TOWNS,99999,1
2610,TREUTLEN,88888,1
2611,TREUTLEN,99999,2
2612,TREUTLEN,ANNEX,1972
2613,TREUTLEN,SOPE,2324
2614,TROUP,01,3640
2615,TROUP,02,4061
2616,TROUP,03,4532
2617,TROUP,04,2556
2618,TROUP,05,2126
2619,TROUP,06,3993
2620,TROUP,07,3222
2621,TROUP,08,4077
2622,TROUP,10,3659
2623,TROUP,11,3329
2624,TROUP,12,3041
2625,TROUP,13,1924
2626,TROUP,15,1766
2627,TROUP,16,2650
2628,TURNER,1,3627
2629,TURNER,2,1639
2630,TURNER,3,473
2631,TURNER,99999,3
2632,TWIGGS,DB,1560
2633,TWIGGS,GI,1709
2634,TWIGGS,HV,760
2635,TWIGGS,JV/W,1449
2636,TWIGGS,SG/T,855
2637,UNION,1,2555
2638,UNION,10,2407
2639,UNION,11,1406
2640,UNION,2,2000
2641,UNION,3,1558
2642,UNION,4,2118
2643,UNION,5,615
2644,UNION,6,1151
2645,UNION,7,1602
2646,UNION,8,2243
2647,UNION,9,2330
2648,UPSON,0588,1377
2649,UPSON,0589,377
2650,UPSON,1610,8404
2651,UPSON,5610,8451
2652,WALKER,0871,6846
2653,WALKER,0917,2269
2654,WALKER,0944,6473
2655,WALKER,0953,1498
2656,WALKER,1161,1290
2657,WALKER,1501,6562
2658,WALKER,1809,1386
2659,WALKER,1812,6504
2660,WALKER,1818,7132
2661,WALKER,1851,1302
2662,WALKER,1893,3239
2663,WALTON,1663,4829
2664,WALTON,1675,1354
2665,WALTON,250,3962
2666,WALTON,414,1274
2667,WALTON,415,5104
2668,WALTON,416,2716
2669,WALTON,417,5365
2670,WALTON,418,4724
2671,WALTON,419,4063
2672,WALTON,420,4953
2673,WALTON,421,3836
2674,WALTON,422,4300
2675,WALTON,423,4456
2676,WALTON,424,3482
2677,WALTON,425,4278
2678,WALTON,426,2119
2679,WALTON,427,4166
2680,WALTON,454,1732
2681,WALTON,502,2021
2682,WALTON,503,1145
2683,WALTON,559,2259
2684,WALTON,99999,9
2685,WARE,100,4476
2686,WARE,200A,2548
2687,WARE,200B,885
2688,WARE,300,3806
2689,WARE,304,1195
2690,WARE,400,3477
2691,WARE,404,374
2692,WARE,405,649
2693,WARE,406,1645
2694,WARE,407,505
2695,WARE,408,512
2696,WARE,409,957
2697,WARREN,1,3885
2698,WASHINGTON,1253,559
2699,WASHINGTON,1350,748
2700,WASHINGTON,1488,2558
2701,WASHINGTON,88,579
2702,WASHINGTON,91,1044
2703,WASHINGTON,94,834
2704,WASHINGTON,97,6278
2705,WASHINGTON,99,557
2706,WAYNE,1A,1296
2707,WAYNE,1B,1191
2708,WAYNE,1C,1795
2709,WAYNE,2A,1897
2710,WAYNE,2C,1143
2711,WAYNE,2D,1058
2712,WAYNE,3A,2983
2713,WAYNE,3B,1180
2714,WAYNE,4A,1170
2715,WAYNE,4B,1163
2716,WAYNE,5A,1975
2717,WAYNE,5B,1816
2718,WAYNE,88888,3
2719,WEBSTER,P1,1740
2720,WHEELER,1,1873
2721,WHEELER,2,1349
2722,WHITE,011,2407
2723,WHITE,021,966
2724,WHITE,031,614
2725,WHITE,041,3244
2726,WHITE,051,4647
2727,WHITE,061,1592
2728,WHITE,071,435
2729,WHITE,081,2597
2730,WHITE,091,1246
2731,WHITE,101,1671
2732,WHITE,111,1838
2733,WHITE,88888,1
2734,WHITFIELD,1A,2597
2735,WHITFIELD,2A,3161
2736,WHITFIELD,3A,2269
2737,WHITFIELD,4A,2675
2738,WHITFIELD,5A,2321
2739,WHITFIELD,6A,1784
2740,WHITFIELD,88888,4
2741,WHITFIELD,AN,2572
2742,WHITFIELD,CA,2053
2743,WHITFIELD,CO,1490
2744,WHITFIELD,DG,3357
2745,WHITFIELD,ES,1778
2746,WHITFIELD,FI,2203
2747,WHITFIELD,GL,2647
2748,WHITFIELD,LT,1207
2749,WHITFIELD,MC,1714
2750,WHITFIELD,NI,2533
2751,WHITFIELD,PG,4880
2752,WHITFIELD,TH,3945
2753,WHITFIELD,TI,808
2754,WHITFIELD,TR,1378
2755,WHITFIELD,UT,1078
2756,WHITFIELD,VA,5408
2757,WHITFIELD,WS,2696
2758,WILCOX,1A,526
2759,WILCOX,2A,420
2760,WILCOX,2B,620
2761,WILCOX,3A,868
2762,WILCOX,4A,1014
2763,WILCOX,5A,1124
2764,WILCOX,88888,3
2765,WILKES,1,1580
2766,WILKES,2A,1201
2767,WILKES,2B,619
2768,WILKES,3A,1026
2769,WILKES,3B,582
2770,WILKES,4A,1021
2771,WILKES,4B,922
2772,WILKES,88888,3
2773,WILKINSON,02,444
2774,WILKINSON,03,184
2775,WILKINSON,04,191
2776,WILKINSON,05,879
2777,WILKINSON,06,994
2778,WILKINSON,07,739
2779,WILKINSON,08,944
2780,WILKINSON,10,1740
2781,WILKINSON,11,463
2782,WILKINSON,88888,1
2783,WORTH,1,2930
2784,WORTH,10,598
2785,WORTH,11,539
2786,WORTH,12,1256
2787,WORTH,14,890
2788,WORTH,15,1385
2789,WORTH,16,320
2790,WORTH,2,1386
2791,WORTH,3,848
2792,WORTH,4,857
2793,WORTH,5,534
2794,WORTH,6,1238
2795,WORTH,7,433
2796,WORTH,8,223
2797,WORTH,88888,1
2798,WORTH,9,675
2799,GRAND TOTAL VOTERS: ,,7395686
